4046	scripts/dev/ci/quant_strategy_validation.py
2337	scripts/dev/technical_debt_analyzer.py
2016	web/backend/app/services/data_adapter.py
1659	src/advanced_analysis/decision_models_analyzer.py
1496	scripts/enhanced_test_generator.py
1443	src/data_access.py
1407	src/interfaces/adapters/tdx/tdx_adapter.py
1392	src/database/database_service.py
1367	src/adapters/tdx/tdx_adapter.py
1310	web/backend/app/core/cache_manager.py
1292	web/backend/app/mock/unified_mock_data.py
1260	src/advanced_analysis/anomaly_tracking_analyzer.py
1221	scripts/dev/analysis/technical_debt_analyzer.py
1209	scripts/ai_algorithm_enhancer.py
1205	src/monitoring/intelligent_threshold_manager.py
1172	web/backend/app/api/signal_monitoring.py
1168	web/backend/app/api/indicators.py
1160	web/backend/app/api/system.py
1153	src/gpu/api_system/utils/gpu_acceleration_engine.py
1143	src/advanced_analysis/sentiment_analyzer.py
1137	src/data_sources/real/postgresql_relational.py
1127	scripts/dev/analysis/usage_feedback_analyzer.py
1124	src/adapters/akshare/misc_data.py
1121	src/interfaces/adapters/akshare/misc_data.py
1109	src/advanced_analysis/financial_valuation_analyzer.py
1106	src/advanced_analysis/capital_flow_analyzer.py
1045	src/monitoring/monitoring_service.py
1027	web/backend/app/api/backup_recovery_secure.py
1015	scripts/dev/examples/real_project_application.py
1010	src/interfaces/adapters/efinance_adapter.py
1010	src/data_sources/real/tdengine_timeseries.py
1009	src/monitoring/multi_channel_alert_manager.py
1009	src/governance/risk_management/calculators/gpu_calculator.py
1001	src/advanced_analysis/chip_distribution_analyzer.py
1000	web/backend/app/services/data_source_factory.py
985	src/storage/database/database_manager.py
984	web/backend/app/api/strategy_management.py
982	src/gpu/api_system/services/resource_scheduler.py
980	src/adapters/efinance_adapter.py
964	scripts/analyze_api_data_usage.py
952	src/governance/risk_management/services/stop_loss_engine.py
928	web/backend/app/repositories/algorithm_model_repository.py
919	src/mock/mock_Market.py
909	web/backend/app/api/algorithms.py
902	web/backend/app/api/market.py
901	src/monitoring/gpu_performance_optimizer.py
900	src/advanced_analysis/timeseries_analyzer.py
899	src/backtesting/advanced_backtest_engine.py
890	src/gpu/api_system/services/backtest_service.py
885	src/gpu/acceleration/feature_calculation_gpu.py
883	web/backend/app/api/stock_search.py
878	src/routes/technical_routes.py
870	src/advanced_analysis/technical_analyzer.py
868	src/routes/stocks_routes.py
862	src/routes/monitoring_routes.py
862	src/advanced_analysis/trading_signals_analyzer.py
862	scripts/dev/ai_advanced_features/enhanced_code_quality_predictor.py
855	web/backend/app/api/dashboard.py
851	web/backend/app/api/notification.py
848	src/core.py
846	web/backend/app/services/stock_search_service.py
846	src/monitoring/monitoring_database.py
839	src/advanced_analysis/market_panorama_analyzer.py
838	scripts/dev/ai_strategy_analyzer.py
836	web/backend/app/services/market_data_service.py
830	src/gpu/acceleration/optimization_gpu.py
829	web/backend/app/api/tasks.py
821	scripts/ai_test_optimizer.py
819	src/mock/mock_Stocks.py
814	scripts/maintenance/monitoring/ai_optimizer_monitor.py
807	src/advanced_analysis/fundamental_analyzer.py
